Index2|Gene|Name|Location|Pos.|Type|Nuc Change|Coverage2|AA Change|Condition2|Hint|web Ref.|HGVSnomenclature|mut Entry|mut Effect|TValidation|MValidation
1|AGL|AGL-E01|E1|59   [chr1:g.100316589 (hg19)]|C|A -> G (homo)|97% (59)   [98% (40) / 95% (19)]|5' UTR|SV||rs2307130|c.-10A>G|21/37 of 64||ku [06/25/2013 12:59:58]|ku [06/25/2013 13:00:14]
2|AGL|AGL-E07|E7|-18   [chr1:g.100340225 (hg19)]|C|G -> A (homo)|100% (53)   [100% (6) / 100% (47)]||SV||rs634880|c.959-18G>A|39/19 of 65||ku [06/25/2013 12:59:58]|ku [06/25/2013 13:00:14]
3|AGL|AGL-E14|E14|+8   [chr1:g.100346741 (hg19)]|C|T -> C (homo)|100% (25)   [0% (0) / 100% (25)]||SV||rs3736296|c.2001+8T>C|16/34 of 55||ku [06/25/2013 12:59:58]|ku [06/25/2013 13:00:14]
4|AGL|AGL-E20|E20|+11   [chr1:g.100353675 (hg19)]|C|G -> A (homo)|100% (718)   [100% (382) / 100% (336)]||SV||rs555929|c.2812+11G>A|35/35 of 71||ku [06/25/2013 12:59:58]|ku [06/25/2013 13:00:14]
5|ANO5|ANO5-E01|E1|182   [chr11:g.22214903 (hg19)]|C|G -> C (het)|51% (73)   [52% (73) / 0% (0)]|5' UTR|SV||rs12792259|c.-136G>C|53/20 of 73||ku [06/25/2013 12:59:58]|ku [06/25/2013 13:00:14]
6|ANO5|ANO5-E05|E5|87 (267)   [chr11:g.22242729 (hg19)]|C|T -> C (het)|50% (96)   [51% (42) / 50% (54)]|D -> D (89)|SV||rs4312063|c.267T>C|66/30 of 97||ku [06/25/2013 12:59:58]|ku [06/25/2013 13:00:14]
7|ANO5|ANO5-E10|E10|88 (966)   [chr11:g.22271870 (hg19)]|C|A -> T (het)|54% (63)   [54% (44) / 54% (19)]|L -> F (322)|SV||rs7481951|c.966A>T|33/43 of 79||ku [06/25/2013 12:59:58]|ku [06/25/2013 13:00:14]
8|BAG3|BAG3-E04|E4|387 (1296)   [chr10:g.121436362 (hg19)]|C|A -> G (homo)|100% (390)   [100% (130) / 100% (260)]|V -> V (432)|SV||rs196295|c.1296A>G|47/33 of 80||ku [06/25/2013 12:59:58]|ku [06/25/2013 13:00:14]
9|CAPN3|CAPN3-E05|E5|74 (706)   [chr15:g.42681199 (hg19)]|C|G -> A (het)|52% (238)   [52% (134) / 51% (104)]|A -> T (236)|SV||rs1801449|c.706G>A|2/9 of 22|in-cis with Thr184Met?|ku [06/25/2013 12:59:58]|ku [06/25/2013 13:00:14]
10|CAPN3|CAPN3-E24|E24|161   [chr15:g.42704105 (hg19)]|C|C -> T (homo)|100% (204)   [100% (204) / 0% (0)]|3' UTR|SV||rs3098423|c.*134C>T|75/5 of 80||ku [06/25/2013 12:59:58]|ku [06/25/2013 13:00:14]
11|CAV3|CAV3-E01|E1|176 (99)   [chr3:g.8775661 (hg19)]|C|C -> T (het)|53% (117)   [53% (117) / 0% (0)]|N -> N (33)|SV||rs1008642|c.99C>T|26/94 of 408||ku [06/25/2013 12:59:58]|ku [06/25/2013 13:00:14]
12|CRYAB|CRYAB-E02|E2|+4   [chr11:g.111781047 (hg19)]|C|T -> G (het)|47% (183)   [49% (102) / 45% (81)]||SV||rs11603779|c.324+4T>G|6/30 of 36||ku [06/25/2013 12:59:58]|ku [06/25/2013 13:00:14]
13|DAG1|DAG1-E02|E2|157 (41)   [chr3:g.49548008 (hg19)]|C|C -> G (homo)|100% (669)   [100% (244) / 100% (425)]|S -> W (14)|SV||rs2131107|c.41C>G|80/0 of 80||ku [06/25/2013 12:59:58]|ku [06/25/2013 13:00:14]
14|DES|DES-E01|E1|161 (75)   [chr2:g.220283259 (hg19)]|C|A -> G (homo)|100% (237)   [98% (50) / 100% (187)]|P -> P (25)|SV||rs1318299|c.75A>G|71/2 of 78||ku [06/25/2013 12:59:58]|ku [06/25/2013 13:00:14]
15|DES|DES-E01|E1|179 (93)   [chr2:g.220283277 (hg19)]|C|T -> C (het)|54% (66)   [54% (34) / 54% (32)]|S -> S (31)|SV||rs2017800|c.93T>C|70/3 of 78||ku [06/25/2013 12:59:58]|ku [06/25/2013 13:00:14]
16|DES|DES-E04|E4|93 (828)   [chr2:g.220285309 (hg19)]|C|C -> T (het)|42% (238)   [42% (118) / 42% (120)]|D -> D (276)|SV||rs1058261|c.828C>T|17/34 of 51||ku [06/25/2013 12:59:58]|ku [06/25/2013 13:00:14]
17|DES|DES-E05|E5|117 (1014)   [chr2:g.220285666 (hg19)]|C|G -> C (het)|25% (64)   [17% (33) / 49% (31)]|L -> L (338)|SV||rs12920|c.1014G>C|17/33 of 50||ku [06/25/2013 12:59:58]|ku [06/25/2013 13:00:14]
18|DES|DES-E06|E6|81 (1104)   [chr2:g.220286142 (hg19)]|C|G -> A (het)|50% (175)   [47% (110) / 57% (65)]|A -> A (368)|SV||rs1058284|c.1104G>A|17/34 of 51||ku [06/25/2013 12:59:58]|ku [06/25/2013 13:00:14]
19|DMD|DMD-E21|E21|23 (2645)   [chrX:g.32503194 (hg19)]|C|A -> G (homo)|100% (177)   [100% (94) / 100% (83)]|D -> G (882)|SV||rs228406|c.2645A>G|79/17 of 117||ku [06/25/2013 12:59:58]|ku [06/25/2013 13:00:14]
20|DMD|DMD-E54|E54|+11   [chrX:g.31676096 (hg19)]|C|C -> T (homo)|98% (115)   [98% (96) / 100% (19)]||SV||rs2270672|c.8027+11C>T|26/28 of 79 (IVS54+11C>T)||ku [06/25/2013 12:59:58]|ku [06/25/2013 13:00:14]
21|DMD|DMD-E59|E59|142 (8810)   [chrX:g.31496350 (hg19)]|C|G -> A (homo)|100% (283)   [100% (174) / 100% (109)]|R -> Q (2937)|SV||rs1800280|c.8810G>A|79/5 of 119||ku [06/25/2013 12:59:58]|ku [06/25/2013 13:00:14]
22|DMD|DMD-E66|E66|+15   [chrX:g.31224684 (hg19)]|C|T -> C (homo)|100% (103)   [100% (48) / 100% (55)]||SV||rs2293668|c.9649+15T>C|96/12 of 116 (IVS66+15T>C)||ku [06/25/2013 12:59:58]|ku [06/25/2013 13:00:14]
23|DYSF|DYSF-E03|E3|+20   [chr2:g.71709120 (hg19)]|C|G -> A (het)|53% (377)   [50% (146) / 55% (231)]||SV||rs12470028|c.236+20G>A|0/14 of 17 (IVS3+20G>A)||ku [06/25/2013 12:59:58]|ku [06/25/2013 13:00:14]
24|DYSF|DYSF-E06|E6|169 (626)   [chr2:g.71741014 (hg19)]|C|C -> T (het)|47% (240)   [49% (179) / 42% (61)]|S -> F (209)|SV|||c.626C>T|0/1 of 4||ku [06/25/2013 12:59:58]|ku [06/25/2013 13:00:14]
25|DYSF|DYSF-E07|E7|+11   [chr2:g.71742892 (hg19)]|C|T -> C (het)|54% (185)   [52% (59) / 55% (126)]||SV||rs13428076|c.792+11T>C|2/19 of 33 (IVS7+11T>C)||ku [06/25/2013 12:59:58]|ku [06/25/2013 13:00:14]
26|DYSF|DYSF-E11|E11|-20   [chr2:g.71747899 (hg19)]|C|G -> A (het)|55% (252)   [53% (139) / 57% (113)]||SV||rs12713756|c.938-20G>A|20/45 of 73||ku [06/25/2013 12:59:58]|ku [06/25/2013 13:00:14]
27|DYSF|DYSF-E14|E14|+13   [chr2:g.71762232 (hg19)]|C|C -> T (homo)|98% (801)   [98% (464) / 98% (337)]||SV||rs4852801|c.1353+13C>T|35/39 of 75 (IVS14+13C>T)||ku [06/25/2013 12:59:58]|ku [06/25/2013 13:00:14]
28|DYSF|DYSF-E20|E20|75 (1827)   [chr2:g.71780215 (hg19)]|C|T -> C (het)|44% (683)   [45% (329) / 43% (354)]|D -> D (609)|SV||rs2303596|c.1827T>C|43/37 of 81||ku [06/25/2013 12:59:58]|ku [06/25/2013 13:00:14]
29|DYSF|DYSF-E20|E20|108 (1860)   [chr2:g.71780248 (hg19)]|C|C -> T (het)|47% (718)   [46% (357) / 47% (361)]|Y -> Y (620)|SV||rs35721373|c.1860C>T|0/9 of 82||ku [06/25/2013 12:59:58]|ku [06/25/2013 13:00:14]
30|DYSF|DYSF-E25|E25|72 (2583)   [chr2:g.71795152 (hg19)]|C|A -> T (het)|49% (545)   [47% (261) / 50% (284)]|S -> S (861)|SV||rs2288355|c.2583A>T|37/42 of 80||ku [06/25/2013 12:59:58]|ku [06/25/2013 13:00:14]
31|DYSF|DYSF-E33|E33|-17   [chr2:g.71825677 (hg19)]|C|C -> T (het)|37% (285)   [46% (252) / 16% (33)]||SV||rs13421969|c.3521-17C>T|0/7 of 13||ku [06/25/2013 12:59:58]|ku [06/25/2013 13:00:14]
32|DYSF|DYSF-E38|E38|3 (4008)   [chr2:g.71838597 (hg19)]|C|C -> A (homo)|99% (639)   [99% (247) / 99% (392)]|I -> I (1336)|SV||rs2303606|c.4008C>A|29/35 of 67||ku [06/25/2013 12:59:58]|ku [06/25/2013 13:00:14]
33|DYSF|DYSF-E52|E52|-16   [chr2:g.71906171 (hg19)]|C|T -> C (homo)|100% (761)   [100% (299) / 100% (462)]||SV||rs1863812|c.5768-16T>C|65/11 of 76||ku [06/25/2013 12:59:58]|ku [06/25/2013 13:00:14]
34|DYSF|DYSF-E52|E52|92 (5859)   [chr2:g.71906278 (hg19)]|C|A -> C (het)|51% (656)   [54% (364) / 48% (292)]|P -> P (1953)|SV||rs17718530|c.5859A>C|6/23 of 81||ku [06/25/2013 12:59:58]|ku [06/25/2013 13:00:14]
35|DYSF|DYSF-E54|E54|+15   [chr2:g.71909822 (hg19)]|C|C -> T (het)|30% (109)   [41% (55) / 24% (54)]||SV||rs2559082|c.6204+15C>T|4/21 of 29 (IVS54+15C>T)||ku [06/25/2013 12:59:58]|ku [06/25/2013 13:00:14]
36|FHL1|FHL1-E05|E5|7 (508)   [chrX:g.135290620 (hg19)]|C|A -> G (het)|16% (54)   [16% (29) / 16% (25)]|T -> A (170)|SV|||c.508A>G|0/21 of 28|komisch|ku [06/25/2013 12:59:58]|ku [06/25/2013 13:00:14]
37|FHL1|FHL1-E05|E5|13..19 (514..520) / 7bp   [chrX:g.135290626_135290632 (hg19)]|Indel|GGAGGAA -> TGGGGAG (het)|16% (49)   [16% (28) / 16% (21)]|GGI -> WG (172..174)|SV|||c.514_520delinsTGGGGAG|0/19 of 25|komisch|ku [06/25/2013 12:59:58]|ku [06/25/2013 13:00:14]
38|FHL1|FHL1-E05|E5|28 (529)   [chrX:g.135290641 (hg19)]|C|C -> T (het)|21% (54)   [26% (29) / 16% (25)]|Q -> [STOP] (177)|SV|||c.529C>T|0/31 of 32|komisch|ku [06/25/2013 12:59:58]|ku [06/25/2013 13:00:14]
39|FHL1|FHL1-E05|E5|34 (535)   [chrX:g.135290647 (hg19)]|C|C -> G (het)|21% (54)   [26% (29) / 17% (25)]|Q -> E (179)|SV|||c.535C>G|0/31 of 32|komisch|ku [06/25/2013 12:59:58]|ku [06/25/2013 13:00:14]
40|FHL1|FHL1-E05|E5|51..52 (552..553) / 2bp   [chrX:g.135290664_135290665 (hg19)]|Indel|TT -> GG (het)|16% (45)   [20% (23) / 13% (22)]|DC -> EG (184..185)|SV|||c.552_553delinsGG|0/24 of 27|komisch|ku [06/25/2013 12:59:58]|ku [06/25/2013 13:00:14]
41|FHL1|FHL1-E05|E5|60 (561)   [chrX:g.135290673 (hg19)]|C|G -> A (het)|20% (56)   [28% (30) / 15% (26)]|V -> V (187)|SV|||c.561G>A|0/28 of 29|komisch|ku [06/25/2013 12:59:58]|ku [06/25/2013 13:00:14]
42|FHL1|FHL1-E05|E5|89 (590)   [chrX:g.135290702 (hg19)]|C|G -> T (het)|17% (55)   [18% (28) / 16% (27)]|G -> V (197)|SV|||c.590G>T|0/23 of 27|komisch|ku [06/25/2013 12:59:58]|ku [06/25/2013 13:00:14]
43|FHL1|FHL1-E05|E5|95 (596)   [chrX:g.135290708 (hg19)]|C|G -> A (het)|15% (51)   [16% (26) / 14% (25)]|R -> H (199)|SV|||c.596G>A|0/22 of 26|komisch|ku [06/25/2013 12:59:58]|ku [06/25/2013 13:00:14]
44|FHL1|FHL1-E05|E5|103 (604)   [chrX:g.135290716 (hg19)]|C|G -> A (het)|16% (54)   [18% (30) / 14% (24)]|A -> T (202)|SV|||c.604G>A|0/20 of 26|komisch|ku [06/25/2013 12:59:58]|ku [06/25/2013 13:00:14]
45|FHL1|FHL1-E05|E5|120 (621)   [chrX:g.135290733 (hg19)]|C|T -> A (het)|15% (54)   [17% (29) / 14% (25)]|Y -> [STOP] (207)|SV|||c.621T>A|0/21 of 27|komisch|ku [06/25/2013 12:59:58]|ku [06/25/2013 13:00:14]
46|FHL1|FHL1-E05|E5|126 (627)   [chrX:g.135290739 (hg19)]|C|C -> T (het)|16% (53)   [17% (29) / 15% (24)]|C -> C (209)|SV|||c.627C>T|0/19 of 25|komisch|ku [06/25/2013 12:59:58]|ku [06/25/2013 13:00:14]
47|FHL1|FHL1-E07|E7|-8   [chrX:g.135292022 (hg19)]|C|C -> T (het)|94% (186)   [97% (38) / 93% (148)]||SV||rs2076705|c.889-8C>T|16/47 of 80||ku [06/25/2013 12:59:58]|ku [06/25/2013 13:00:14]
48|FHL1|FHL1-E07|E7|80 (968)   [chrX:g.135292109 (hg19)]|C|C -> T (het)|19% (32)   [30% (32) / 0% (0)]|P -> L (323)|SV|||c.968C>T|0/59 of 59|komisch|ku [06/25/2013 12:59:58]|ku [06/25/2013 13:00:14]
49|FHL1|FHL1-E07|E7|100   [chrX:g.135292129 (hg19)]|C|G -> A (het)|20% (33)   [30% (33) / 0% (0)]|3' UTR|SV||TMP_ESP_X_135292129|c.*16G>A|0/56 of 56|komisch|ku [06/25/2013 12:59:58]|ku [06/25/2013 13:00:14]
50|FHL1|FHL1-E07|E7|114   [chrX:g.135292143 (hg19)]|C|C -> G (het)|24% (32)   [46% (32) / 0% (0)]|3' UTR|SV|||c.*30C>G|0/63 of 63|komisch|ku [06/25/2013 12:59:58]|ku [06/25/2013 13:00:14]
51|FHL1|FHL1-E07|E7|125   [chrX:g.135292154 (hg19)]|C|G -> A (het)|24% (34)   [47% (34) / 0% (0)]|3' UTR|SV|||c.*41G>A|0/64 of 64|komisch|ku [06/25/2013 12:59:58]|ku [06/25/2013 13:00:14]
52|FHL1|FHL1-E07|E7|131..134 / 4bp   [chrX:g.135292160_135292163 (hg19)]|Indel|TCCC -> CCCT (het)|25% (34)   [47% (34) / 0% (0)]|3' UTR|SV|||c.*47_*50delinsCCCT|0/60 of 60|komisch|ku [06/25/2013 12:59:58]|ku [06/25/2013 13:00:14]
53|FHL1|FHL1-E07|E7|150   [chrX:g.135292179 (hg19)]|C|C -> T (het)|16% (33)   [23% (33) / 0% (0)]|3' UTR|SV|||c.*66C>T|0/34 of 38|komisch|ku [06/25/2013 12:59:58]|ku [06/25/2013 13:00:14]
54|FKTN|FKTN-E05|E5|239 (608)   [chr9:g.108366734 (hg19)]|C|G -> A (het)|43% (193)   [44% (110) / 42% (83)]|R -> Q (203)|SV||rs34787999|c.608G>A|6/28 of 38||ku [06/25/2013 12:59:58]|ku [06/25/2013 13:00:14]
55|FKTN|FKTN-E08|E8|116 (1026)   [chr9:g.108380355 (hg19)]|C|C -> A (het)|57% (65)   [57% (59) / 55% (6)]|L -> L (342)|SV||rs17309806|c.1026C>A|0/0 of 6||ku [06/25/2013 12:59:58]|ku [06/25/2013 13:00:14]
56|FLNC|FLNC-E15|E15|+2   [chr7:g.128482754 (hg19)]|C|T -> G (het)|26% (124)   [61% (122) / 1% (2)]|splicing|SV|||c.2389+2T>G|0/18 of 18||ku [06/25/2013 12:59:58]|ku [06/25/2013 13:00:14]
57|FLNC|FLNC-E25|E25|116 (4404)   [chr7:g.128487866 (hg19)]|C|T -> C (homo)|99% (376)   [99% (290) / 100% (86)]|D -> D (1468)|SV||rs2249128|c.4404T>C|79/1 of 80||ku [06/25/2013 12:59:58]|ku [06/25/2013 13:00:14]
58|FLNC|FLNC-E46|E46|96 (7657)   [chr7:g.128497267 (hg19)]|C|C -> T (het)|31% (24)   [31% (12) / 31% (12)]|R -> W (2553)|SV||rs199519281|c.7657C>T|0/0 of 0||ku [06/25/2013 12:59:58]|ku [06/25/2013 13:00:14]
59|FLNC|FLNC-E46|E46|116 (7677)   [chr7:g.128497287 (hg19)]|C|T -> C (het)|30% (16)   [29% (8) / 31% (8)]|H -> H (2559)|SV||rs200760961|c.7677T>C|0/0 of 0||ku [06/25/2013 12:59:58]|ku [06/25/2013 13:00:14]
60|FLNC|FLNC-E46|E46|126..128 (7687..7689) / 3bp   [chr7:g.128497297_128497299 (hg19)]|Indel|TAT -> GAC (het)|23% (13)   [29% (8) / 18% (5)]|Y -> D (2563)|SV|||c.7687_7689delinsGAC|0/53 of 66|komisch|ku [06/25/2013 12:59:58]|ku [06/25/2013 13:00:14]
61|FLNC|FLNC-E47|E47|97 (7877)   [chr7:g.128498158 (hg19)]|C|G -> A (het)|22% (98)   [23% (91) / 14% (7)]|S -> N (2626)|SV|||c.7877G>A|0/60 of 60||ku [06/25/2013 12:59:58]|ku [06/25/2013 13:00:14]
62|FLNC|FLNC-E47|E47|129 (7909)   [chr7:g.128498190 (hg19)]|C|A -> C (het)|40% (157)   [44% (157) / 0% (0)]|K -> Q (2637)|SV|||c.7909A>C|0/24 of 46||ku [06/25/2013 12:59:58]|ku [06/25/2013 13:00:14]
63|FLNC|FLNC-E48|E48|117 (8107) / 1bp   [chr7:g.128498506 (hg19)]|D|G (het)|17% (22)   [17% (22) / 0% (0)]|[STOP] AA 2771 (E48/321)|SV|RF changed||c.8107delG|0/17 of 24||ku [06/25/2013 12:59:58]|ku [06/25/2013 13:00:14]
64|FLNC|FLNC-E48|E48|128..131 (8118..8121) / 4bp   [chr7:g.128498517_128498520 (hg19)]|Indel|CATT -> TATC (het)|16% (21)   [16% (21) / 0% (0)]|LI -> LI (2706..2707)|SV|||c.8118_8121delinsTATC|0/16 of 22||ku [06/25/2013 12:59:58]|ku [06/25/2013 13:00:14]
65|FLNC|FLNC-E48|E48|189   [chr7:g.128498578 (hg19)]|C|A -> G (het)|27% (23)   [27% (23) / 0% (0)]|3' UTR|SV||rs114713626|c.*1A>G|0/55 of 58||ku [06/25/2013 12:59:58]|ku [06/25/2013 13:00:14]
66|FLNC|FLNC-E48|E48|232   [chr7:g.128498621 (hg19)]|C|C -> A (het)|27% (22)   [27% (22) / 0% (0)]|3' UTR|SV||rs28687249|c.*44C>A|0/53 of 56||ku [06/25/2013 12:59:58]|ku [06/25/2013 13:00:14]
67|GAA|GAA-E02|E2|356 (324)   [chr17:g.78078709 (hg19)]|C|T -> C (homo)|99% (423)   [98% (133) / 100% (290)]|C -> C (108)|SV||rs1800300|c.324T>C|140/102 of 271||ku [06/25/2013 12:59:58]|ku [06/25/2013 13:00:14]
68|GAA|GAA-E03|E3|-4   [chr17:g.78079544 (hg19)]|C|C -> G (homo)|100% (707)   [100% (146) / 99% (561)]||SV||rs3816256|c.547-4C>G|110/84 of 209 (IVS3-4C>G)||ku [06/25/2013 12:59:58]|ku [06/25/2013 13:00:14]
69|GAA|GAA-E03|E3|50 (596)   [chr17:g.78079597 (hg19)]|C|A -> G (homo)|100% (507)   [100% (156) / 99% (351)]|H -> R (199)|SV||rs1042393|c.596A>G|108/82 of 207||ku [06/25/2013 12:59:58]|ku [06/25/2013 13:00:14]
70|GAA|GAA-E03|E3|96 (642)   [chr17:g.78079643 (hg19)]|C|C -> T (het)|49% (205)   [55% (101) / 44% (104)]|S -> S (214)|SV||rs1800301|c.642C>T|10/59 of 211||ku [06/25/2013 12:59:58]|ku [06/25/2013 13:00:14]
71|GAA|GAA-E03|E3|122 (668)   [chr17:g.78079669 (hg19)]|C|G -> A (homo)|99% (94)   [100% (4) / 99% (90)]|R -> H (223)|SV||rs1042395|c.668G>A|110/80 of 205||ku [06/25/2013 12:59:58]|ku [06/25/2013 13:00:14]
72|GAA|GAA-E04|E4|+8 / 7bp   [chr17:g.78081529 (hg19)]|I|AGCGGGC (het)|85% (355)   [81% (196) / 91% (159)]||SV||rs5822325|c.858+7_858+8insAGCGGGC|32/108 of 209 (IVS4+8insAGCGGGC)||ku [06/25/2013 12:59:58]|ku [06/25/2013 13:00:14]
73|GAA|GAA-E05|E5|+12   [chr17:g.78081707 (hg19)]|C|G -> A (homo)|100% (347)   [100% (59) / 100% (288)]||SV||rs2252455|c.955+12G>A|109/81 of 206 (IVS5+12G>A)||ku [06/25/2013 12:59:58]|ku [06/25/2013 13:00:14]
74|GAA|GAA-E08|E8|9 (1203)   [chr17:g.78082504 (hg19)]|C|G -> A (homo)|99% (1073)   [99% (527) / 99% (546)]|Q -> Q (401)|SV||rs1800304|c.1203G>A|116/89 of 219||ku [06/25/2013 12:59:58]|ku [06/25/2013 13:00:14]
75|GAA|GAA-E09|E9|-18   [chr17:g.78083726 (hg19)]|C|A -> G (homo)|100% (815)   [100% (429) / 100% (386)]||SV||rs2278619|c.1327-18A>G|110/57 of 199 (IVS9-18A>G)||ku [06/25/2013 12:59:58]|ku [06/25/2013 13:00:14]
76|GAA|GAA-E10|E10|-19   [chr17:g.78084507 (hg19)]|C|G -> C (homo)|99% (308)   [98% (167) / 100% (141)]||SV||rs2304844|c.1438-19G>C|105/56 of 203 (IVS10-19G>C)||ku [06/25/2013 12:59:58]|ku [06/25/2013 13:00:14]
77|GAA|GAA-E14|E14|+20   [chr17:g.78086846 (hg19)]|C|A -> G (homo)|100% (904)   [100% (414) / 100% (490)]||SV||rs2304836|c.2040+20A>G|94/61 of 179 (IVS14+20A>G)||ku [06/25/2013 12:59:58]|ku [06/25/2013 13:00:14]
78|GAA|GAA-E15|E15|93 (2133)   [chr17:g.78087109 (hg19)]|C|A -> G (homo)|100% (403)   [100% (230) / 100% (173)]|T -> T (711)|SV||rs1800310|c.2133A>G|20/83 of 179||ku [06/25/2013 12:59:58]|ku [06/25/2013 13:00:14]
79|GAA|GAA-E16|E16|+20   [chr17:g.78090928 (hg19)]|C|G -> A (homo)|100% (163)   [100% (144) / 100% (19)]||SV||rs2304832|c.2331+20G>A|81/60 of 176 (IVS16+20G>A)||ku [06/25/2013 12:59:58]|ku [06/25/2013 13:00:14]
80|GAA|GAA-E17|E17|7 (2338)   [chr17:g.78091405 (hg19)]|C|G -> A (homo)|100% (1148)   [99% (575) / 100% (573)]|V -> I (780)|SV||rs1126690|c.2338G>A|118/82 of 217||ku [06/25/2013 12:59:58]|ku [06/25/2013 13:00:14]
81|GAA|GAA-E18|E18|72 (2553)   [chr17:g.78092063 (hg19)]|C|G -> A (homo)|98% (472)   [98% (256) / 98% (216)]|G -> G (851)|SV||rs1042397|c.2553G>A|79/102 of 207||ku [06/25/2013 12:59:58]|ku [06/25/2013 13:00:14]
82|GBE1|GBE1-E01|E1|611 / 1bp   [chr3:g.81810702 (hg19)]|I (Dup)|C (het)|84% (368)   [91% (197) / 77% (171)]|5' UTR|SV|||c.-35dupC|0/53 of 53||ku [06/25/2013 12:59:58]|ku [06/25/2013 13:00:14]
83|GBE1|GBE1-E08|E8|8 (1000)   [chr3:g.81643167 (hg19)]|C|A -> G (homo)|100% (28)   [100% (8) / 100% (20)]|I -> V (334)|SV||rs2172397|c.1000A>G|73/7 of 85||ku [06/25/2013 12:59:58]|ku [06/25/2013 13:00:14]
84|LMNA|LMNA-E06|E6|+16   [chr1:g.156105928 (hg19)]|C|G -> A (homo)|98% (112)   [98% (102) / 100% (10)]||SV||rs534807|c.1157+16G>A|2/20 of 27||ku [06/25/2013 12:59:58]|ku [06/25/2013 13:00:14]
85|LMNA|LMNA-E07|E7|181 (1338)   [chr1:g.156106185 (hg19)]|C|T -> C (homo)|97% (796)   [97% (471) / 98% (325)]|D -> D (446)|SV||rs505058|c.1338T>C|2/20 of 24||ku [06/25/2013 12:59:58]|ku [06/25/2013 13:00:14]
86|MATR3|MATR3-E02|E2|76 / 1bp   [chr5:g.138643003 (hg19)]|I (Dup)|T (het)|90% (216)   [88% (153) / 96% (63)]|5' UTR|SV||rs59150359|c.-103dupT|8/61 of 78||ku [06/25/2013 12:59:58]|ku [06/25/2013 13:00:14]
87|MATR3|MATR3-E02|E2|135   [chr5:g.138643062 (hg19)]|C|T -> A (het)|92% (206)   [93% (144) / 91% (62)]|5' UTR|SV||rs12153162|c.-43T>A|12/61 of 80||ku [06/25/2013 12:59:58]|ku [06/25/2013 13:00:14]
88|MATR3|MATR3-E02|E2|395 (218)   [chr5:g.138643322 (hg19)]|C|T -> G (het)|23% (131)   [24% (60) / 22% (71)]|L -> R (73)|SV|||c.218T>G|0/64 of 65|komisch|ku [06/25/2013 12:59:58]|ku [06/25/2013 13:00:14]
89|MATR3|MATR3-E02|E2|418 (241)   [chr5:g.138643345 (hg19)]|C|C -> T (het)|25% (144)   [28% (72) / 22% (72)]|H -> Y (81)|SV|||c.241C>T|0/64 of 64|komisch|ku [06/25/2013 12:59:58]|ku [06/25/2013 13:00:14]
90|MATR3|MATR3-E02|E2|426 (249)   [chr5:g.138643353 (hg19)]|C|G -> A (het)|25% (144)   [27% (71) / 23% (73)]|L -> L (83)|SV|||c.249G>A|0/63 of 63|komisch|ku [06/25/2013 12:59:58]|ku [06/25/2013 13:00:14]
91|MATR3|MATR3-E02|E2|481 (304)   [chr5:g.138643408 (hg19)]|C|C -> T (het)|19% (144)   [21% (72) / 17% (72)]|R -> C (102)|SV|||c.304C>T|0/55 of 57|komisch|ku [06/25/2013 12:59:58]|ku [06/25/2013 13:00:14]
92|MATR3|MATR3-E02|E2|532 (355)   [chr5:g.138643459 (hg19)]|C|G -> C (het)|21% (157)   [20% (58) / 22% (99)]|A -> P (119)|SV|||c.355G>C|0/68 of 68|komisch|ku [06/25/2013 12:59:58]|ku [06/25/2013 13:00:14]
93|MATR3|MATR3-E02|E2|576 (399)   [chr5:g.138643503 (hg19)]|C|T -> G (het)|22% (164)   [22% (62) / 21% (102)]|I -> M (133)|SV|||c.399T>G|0/67 of 67|komisch|ku [06/25/2013 12:59:58]|ku [06/25/2013 13:00:14]
94|MATR3|MATR3-E02|E2|591 (414)   [chr5:g.138643518 (hg19)]|C|G -> T (het)|20% (166)   [18% (63) / 22% (103)]|L -> F (138)|SV|||c.414G>T|0/58 of 58|komisch|ku [06/25/2013 12:59:58]|ku [06/25/2013 13:00:14]
95|MATR3|MATR3-E02|E2|797 (620)   [chr5:g.138643724 (hg19)]|C|G -> A (het)|16% (29)   [0% (0) / 22% (29)]|R -> H (207)|SV|||c.620G>A|0/22 of 35||ku [06/25/2013 12:59:58]|ku [06/25/2013 13:00:14]
96|MATR3|MATR3-E02|E2|803 (626)   [chr5:g.138643730 (hg19)]|C|A -> G (het)|16% (29)   [0% (0) / 22% (29)]|Q -> R (209)|SV|||c.626A>G|0/22 of 35||ku [06/25/2013 12:59:58]|ku [06/25/2013 13:00:14]
97|MATR3|MATR3-E02|E2|813 (636)   [chr5:g.138643740 (hg19)]|C|T -> C (het)|16% (30)   [2% (1) / 22% (29)]|G -> G (212)|SV|||c.636T>C|0/21 of 33||ku [06/25/2013 12:59:58]|ku [06/25/2013 13:00:14]
98|MYOT|MYOT-E02|E2|431 (220)   [chr5:g.137206560 (hg19)]|C|A -> C (homo)|100% (748)   [99% (397) / 100% (351)]|K -> Q (74)|SV||rs6890689|c.220A>C|80/0 of 80||ku [06/25/2013 12:59:58]|ku [06/25/2013 13:00:14]
99|PLEC|PLEC-E05|E5|36 (789)   [chr8:g.145011204 (hg19)]|C|T -> C (het)|53% (151)   [51% (43) / 53% (108)]|A -> A (263)|SV||rs6993938|c.789T>C|17/38 of 56 (c.378T>C)||ku [06/25/2013 12:59:58]|ku [06/25/2013 13:00:14]
100|PLEC|PLEC-E11|E11|54 (1506)   [chr8:g.145008560 (hg19)]|C|T -> C (het)|48% (339)   [45% (156) / 50% (183)]|D -> D (502)|SV||rs11783799|c.1506T>C|16/39 of 55||ku [06/25/2013 12:59:58]|ku [06/25/2013 13:00:14]
101|PLEC|PLEC-E13|E13|-15   [chr8:g.145007534 (hg19)]|C|G -> A (het)|47% (169)   [47% (156) / 57% (13)]||SV||rs7003580|c.1675-15G>A|18/33 of 51||ku [06/25/2013 12:59:58]|ku [06/25/2013 13:00:14]
102|PLEC|PLEC-E14|E14|93 (1922)   [chr8:g.145007187 (hg19)]|C|C -> T (het)|57% (311)   [57% (115) / 57% (196)]|A -> V (641)|SV||rs11136336,rs200848972|c.1922C>T|16/39 of 58 (c.1262C>T)||ku [06/25/2013 12:59:58]|ku [06/25/2013 13:00:14]
103|PLEC|PLEC-E15|E15|+13   [chr8:g.145006790 (hg19)]|C|A -> G (het)|30% (111)   [24% (34) / 34% (77)]||SV||rs10866916|c.2226+13A>G|18/36 of 54||ku [06/25/2013 12:59:58]|ku [06/25/2013 13:00:14]
104|PLEC|PLEC-E19|E19|+14 / 1bp   [chr8:g.145005688 (hg19)]|I (Dup)|G (het)|41% (249)   [36% (123) / 46% (126)]||SV||rs35671527|c.2715+13dupG|2/37 of 39 (c.2304+13_2304+14insG)||ku [06/25/2013 12:59:58]|ku [06/25/2013 13:00:14]
105|PLEC|PLEC-E20|E20|+6   [chr8:g.145004546 (hg19)]|C|C -> T (homo)|99% (247)   [99% (97) / 99% (150)]||SV||rs11780911|c.2868+6C>T|53/26 of 79 (c.2457+6C>T)||ku [06/25/2013 12:59:58]|ku [06/25/2013 13:00:14]
106|PLEC|PLEC-E27|E27|151 (3961)   [chr8:g.145001784 (hg19)]|C|T -> C (het)|51% (408)   [50% (154) / 51% (254)]|L -> L (1321)|SV||rs3135109|c.3961T>C|21/36 of 58 (c.3550T>C)||ku [06/25/2013 12:59:58]|ku [06/25/2013 13:00:14]
107|PLEC|PLEC-E27|E27|347 (4157)   [chr8:g.145001588 (hg19)]|C|G -> A (het)|26% (85)   [1% (1) / 53% (84)]|R -> Q (1386)|SV||rs11136334|c.4157G>A|21/35 of 58 (c.3746G>A)||ku [06/25/2013 12:59:58]|ku [06/25/2013 13:00:14]
108|PLEC|PLEC-E28|E28|-6   [chr8:g.145001509 (hg19)]|C|A -> G (het)|49% (211)   [49% (99) / 50% (112)]||SV||rs11136333|c.4168-6A>G|21/36 of 58 (c.3757-6A>G)||ku [06/25/2013 12:59:58]|ku [06/25/2013 13:00:14]
109|PLEC|PLEC-E29|E29|-18   [chr8:g.145001267 (hg19)]|C|C -> T (het)|43% (105)   [43% (54) / 43% (51)]||SV||rs62522552|c.4252-18C>T|6/27 of 37 (c.3841-18C>T)||ku [06/25/2013 12:59:58]|ku [06/25/2013 13:00:14]
110|PLEC|PLEC-E30|E30|20 (4376)   [chr8:g.145001031 (hg19)]|C|A -> G (het)|43% (85)   [43% (67) / 42% (18)]|H -> R (1459)|SV||rs55895668|c.4376A>G|23/35 of 58||ku [06/25/2013 12:59:58]|ku [06/25/2013 13:00:14]
111|PLEC|PLEC-E31|E31|-4   [chr8:g.145000056 (hg19)]|C|A -> G (het)|40% (233)   [41% (140) / 39% (93)]||SV||rs7002152|c.4456-4A>G|21/34 of 68 (c.4045-4A>G)||ku [06/25/2013 12:59:58]|ku [06/25/2013 13:00:14]
112|PLEC|PLEC-E31|E31|369 (4824)   [chr8:g.144999684 (hg19)]|C|T -> C (het)|32% (79)   [42% (11) / 31% (68)]|A -> A (1608)|SV||rs35916068|c.4824T>C|21/31 of 64 (c.4413T>C)||ku [06/25/2013 12:59:58]|ku [06/25/2013 13:00:14]
113|PLEC|PLEC-E31|E31|411 (4866)   [chr8:g.144999642 (hg19)]|C|T -> G (het)|43% (304)   [48% (182) / 36% (122)]|A -> A (1622)|SV||rs56117011|c.4866T>G|21/26 of 60 (c.4455T>G)||ku [06/25/2013 12:59:58]|ku [06/25/2013 13:00:14]
114|PLEC|PLEC-E31|E31|432 (4887)   [chr8:g.144999621 (hg19)]|C|G -> A (het)|50% (422)   [49% (193) / 50% (229)]|A -> A (1629)|SV||rs55646585|c.4887G>A|21/35 of 69 (c.4476G>A)||ku [06/25/2013 12:59:58]|ku [06/25/2013 13:00:14]
115|PLEC|PLEC-E31|E31|636 (5091)   [chr8:g.144999417 (hg19)]|C|G -> A (het)|43% (185)   [36% (69) / 49% (116)]|A -> A (1697)|SV||rs55836855|c.5091G>A|15/22 of 47 (c.4680G>A)||ku [06/25/2013 12:59:58]|ku [06/25/2013 13:00:14]
116|PLEC|PLEC-E31|E31|2126 (6581)   [chr8:g.144997927 (hg19)]|C|C -> T (het)|47% (92)   [45% (13) / 48% (79)]|A -> V (2194)|SV||rs7002002|c.6581C>T|19/34 of 68 (c.6170C>T)||ku [06/25/2013 12:59:58]|ku [06/25/2013 13:00:14]
117|PLEC|PLEC-E31|E31|2397 (6852)   [chr8:g.144997656 (hg19)]|C|G -> A (het)|41% (86)   [31% (22) / 47% (64)]|A -> A (2284)|SV||rs7016416|c.6852G>A|21/36 of 69 (c.6441G>A)||ku [06/25/2013 12:59:58]|ku [06/25/2013 13:00:14]
118|PLEC|PLEC-E32|E32|156 (7992)   [chr8:g.144996408 (hg19)]|C|A -> C (het)|29% (83)   [30% (39) / 29% (44)]|A -> A (2664)|SV||rs11778026|c.7992A>C|21/33 of 77||ku [06/25/2013 12:59:58]|ku [06/25/2013 13:00:14]
119|PLEC|PLEC-E32|E32|535 (8371)   [chr8:g.144996029 (hg19)]|C|T -> C (het)|44% (201)   [43% (76) / 44% (125)]|S -> P (2791)|SV||rs7833924|c.8371T>C|23/36 of 80||ku [06/25/2013 12:59:58]|ku [06/25/2013 13:00:14]
120|PLEC|PLEC-E32|E32|828 (8664)   [chr8:g.144995736 (hg19)]|C|C -> T (het)|53% (351)   [46% (107) / 57% (244)]|N -> N (2888)|SV||rs11777402|c.8664C>T|21/36 of 79||ku [06/25/2013 12:59:58]|ku [06/25/2013 13:00:14]
121|PLEC|PLEC-E32|E32|1020 (8856)   [chr8:g.144995544 (hg19)]|C|T -> C (het)|78% (461)   [0% (0) / 78% (461)]|V -> V (2952)|SV|||c.8856T>C|1/65 of 72||ku [06/25/2013 12:59:58]|ku [06/25/2013 13:00:14]
122|PLEC|PLEC-E32|E32|1070 (8906)   [chr8:g.144995494 (hg19)]|C|G -> A (het)|42% (34)   [0% (0) / 42% (34)]|R -> H (2969)|SV||rs6558407|c.8906G>A|19/39 of 81 (c.8495G>A)||ku [06/25/2013 12:59:58]|ku [06/25/2013 13:00:14]
123|PLEC|PLEC-E32|E32|2158 (9994)   [chr8:g.144994406 (hg19)]|C|C -> T (het)|51% (233)   [49% (105) / 52% (128)]|L -> F (3332)|SV|||c.9994C>T|0/1 of 24||ku [06/25/2013 12:59:58]|ku [06/25/2013 13:00:14]
124|PLEC|PLEC-E32|E32|3187 (11023)   [chr8:g.144993377 (hg19)]|C|T -> C (het)|51% (38)   [51% (38) / 0% (0)]|L -> L (3675)|SV||rs6992333|c.11023T>C|24/34 of 80||ku [06/25/2013 12:59:58]|ku [06/25/2013 13:00:14]
125|PLEC|PLEC-E32|E32|3240 (11076)   [chr8:g.144993324 (hg19)]|C|G -> A (het)|50% (141)   [51% (39) / 50% (102)]|T -> T (3692)|SV||rs6984820|c.11076G>A|21/37 of 80||ku [06/25/2013 12:59:58]|ku [06/25/2013 13:00:14]
126|PLEC|PLEC-E32|E32|4203 (12039)   [chr8:g.144992361 (hg19)]|C|A -> G (het)|58% (53)   [57% (45) / 67% (8)]|P -> P (4013)|SV||rs7822511|c.12039A>G|18/25 of 77||ku [06/25/2013 12:59:58]|ku [06/25/2013 13:00:14]
127|PLEC|PLEC-E32|E32|4461 (12297)   [chr8:g.144992103 (hg19)]|C|A -> G (het)|32% (94)   [35% (48) / 29% (46)]|T -> T (4099)|SV||rs6558406|c.12297A>G|23/38 of 80||ku [06/25/2013 12:59:58]|ku [06/25/2013 13:00:14]
128|PLEC|PLEC-E32|E32|5780 (13616)   [chr8:g.144990784 (hg19)]|C|C -> T (het)|38% (61)   [0% (0) / 38% (61)]|T -> M (4539)|SV||rs113513807|c.13616C>T|0/8 of 51||ku [06/25/2013 12:59:58]|ku [06/25/2013 13:00:14]
129|PLEC|PLEC-E32|E32|6036 (13872)   [chr8:g.144990528 (hg19)]|C|T -> C (het)|49% (461)   [46% (235) / 53% (226)]|A -> A (4624)|SV||rs7014582|c.13872T>C|23/37 of 80||ku [06/25/2013 12:59:58]|ku [06/25/2013 13:00:14]
130|PLEC|PLEC-E32|E32|6229   [chr8:g.144990335 (hg19)]|C|C -> T (het)|52% (124)   [57% (27) / 51% (97)]|3' UTR|SV||rs1065837|c.*10C>T|16/25 of 68||ku [06/25/2013 12:59:58]|ku [06/25/2013 13:00:14]
131|POMGNT1|POMGNT1-E08|E8|29 (681)   [chr1:g.46660295 (hg19)]|C|A -> G (het)|45% (196)   [47% (130) / 42% (66)]|K -> K (227)|SV||rs2292487|c.681A>G|0/0 of 1||ku [06/25/2013 12:59:58]|ku [06/25/2013 13:00:14]
132|POMGNT1|POMGNT1-E21|E21|82 (1867)   [chr1:g.46655158 (hg19)]|C|A -> G (homo)|99% (757)   [99% (385) / 100% (372)]|M -> V (623)|SV||rs6659553|c.1867A>G|0/0 of 0||ku [06/25/2013 12:59:58]|ku [06/25/2013 13:00:14]
133|POMT1|POMT1-E08|E8|147 (752)   [chr9:g.134385436 (hg19)]|C|A -> G (homo)|100% (95)   [100% (34) / 100% (61)]|Q -> R (251)|SV||rs2296949|c.752A>G|55/21 of 79||ku [06/25/2013 12:59:58]|ku [06/25/2013 13:00:14]
134|POMT1|POMT1-E10|E10|21 (942)   [chr9:g.134386744 (hg19)]|C|T -> C (homo)|99% (764)   [99% (442) / 100% (322)]|T -> T (314)|SV||rs10901065|c.942T>C|67/12 of 80||ku [06/25/2013 12:59:58]|ku [06/25/2013 13:00:14]
135|POMT1|POMT1-E11|E11|61 (1113)   [chr9:g.134387488 (hg19)]|C|T -> C (homo)|100% (1147)   [100% (567) / 100% (580)]|D -> D (371)|SV||rs3739494|c.1113T>C|67/12 of 79||ku [06/25/2013 12:59:58]|ku [06/25/2013 13:00:14]
136|POMT1|POMT1-E19|E19|+13   [chr9:g.134397624 (hg19)]|C|C -> T (homo)|100% (40)   [100% (18) / 100% (22)]||SV||rs4740165|c.2069+13C>T|46/9 of 55||ku [06/25/2013 12:59:58]|ku [06/25/2013 13:00:14]
137|POMT1|POMT1-E20|E20|134 (2203)   [chr9:g.134398452 (hg19)]|C|C -> T (het)|34% (292)   [35% (164) / 32% (128)]|R -> C (735)|SV||rs147266709|c.2203C>T|0/2 of 72||ku [06/25/2013 12:59:58]|ku [06/25/2013 13:00:14]
138|POMT1|POMT1-E20|E20|216   [chr9:g.134398534 (hg19)]|C|T -> C (homo)|99% (469)   [100% (228) / 99% (241)]|3' UTR|SV||rs3739495|c.*41T>C|0/0 of 0||ku [06/25/2013 12:59:58]|ku [06/25/2013 13:00:14]
139|POMT2|POMT2-E13|E13|51 (1383)   [chr14:g.77751925 (hg19)]|C|G -> A (homo)|99% (349)   [99% (193) / 98% (156)]|R -> R (461)|SV||rs2270419|c.1383G>A|49/26 of 75||ku [06/25/2013 12:59:58]|ku [06/25/2013 13:00:14]
140|POMT2|POMT2-E21|E21|181   [chr14:g.77743644 (hg19)]|C|C -> T (het)|47% (294)   [48% (142) / 45% (152)]|3' UTR|SV||rs1055592|c.*75C>T|5/24 of 29||ku [06/25/2013 12:59:58]|ku [06/25/2013 13:00:14]
141|SGCA|SGCA-E09|E9|187   [chr17:g.48252804 (hg19)]|C|T -> C (homo)|100% (338)   [100% (139) / 100% (199)]|3' UTR|SV|||c.*6T>C|77/3 of 80||ku [06/25/2013 12:59:58]|ku [06/25/2013 13:00:14]
142|SGCD|SGCD-E02|E2|81 (81)   [chr5:g.155771579 (hg19)]|C|T -> C (homo)|100% (353)   [99% (162) / 100% (191)]|Y -> Y (27)|SV||rs1801193|c.81T>C|22/37 of 59||ku [06/25/2013 12:59:58]|ku [06/25/2013 13:00:14]
143|SGCG|SGCG-E04|E4|50 (347)   [chr13:g.23824818 (hg19)]|C|G -> A (het)|49% (98)   [54% (43) / 46% (55)]|R -> H (116)|SV||rs17314986|c.347G>A|0/11 of 50||ku [06/25/2013 12:59:58]|ku [06/25/2013 13:00:14]
144|SGCG|SGCG-E08|E8|3 (705)   [chr13:g.23898509 (hg19)]|C|T -> C (homo)|100% (991)   [100% (483) / 100% (508)]|L -> L (235)|SV||rs1800353|c.705T>C|35/33 of 78||ku [06/25/2013 12:59:58]|ku [06/25/2013 13:00:14]
145|SGCG|SGCG-E08|E8|158 (860)   [chr13:g.23898664 (hg19)]|C|A -> G (homo)|99% (501)   [100% (260) / 98% (241)]|N -> S (287)|SV||rs1800354|c.860A>G|60/18 of 78||ku [06/25/2013 12:59:58]|ku [06/25/2013 13:00:14]
146|SYNE1|SYNE1-E105|E105|-18   [chr6:g.152570415 (hg19)]|C|C -> T (het)|47% (40)   [49% (18) / 46% (22)]||SV||rs6557210|c.19471-18C>T|26/44 of 71||ku [06/25/2013 12:59:58]|ku [06/25/2013 13:00:14]
147|SYNE1|SYNE1-E118|E118|+13   [chr6:g.152542548 (hg19)]|C|T -> C (het)|65% (55)   [63% (26) / 66% (29)]||SV||rs9383976|c.21656+13T>C|0/23 of 31||ku [06/25/2013 12:59:58]|ku [06/25/2013 13:00:14]
148|SYNE1|SYNE1-E12|E12|+4   [chr6:g.152809527 (hg19)]|C|T -> A (het)|47% (9)   [44% (4) / 50% (5)]||SV||rs9397106|c.1047+4T>A|12/28 of 45||ku [06/25/2013 12:59:58]|ku [06/25/2013 13:00:14]
149|SYNE1|SYNE1-E120|E120|43 (21904)   [chr6:g.152540278 (hg19)]|C|T -> G (homo)|100% (42)   [100% (9) / 100% (33)]|F -> V (7302)|SV||rs2147377|c.21904T>G|77/3 of 80||ku [06/25/2013 12:59:58]|ku [06/25/2013 13:00:14]
150|SYNE1|SYNE1-E137|E137|183 (24825)   [chr6:g.152469331 (hg19)]|C|G -> A (het)|48% (272)   [44% (82) / 49% (190)]|P -> P (8275)|SV||rs2252748|c.24825G>A|8/35 of 48||ku [06/25/2013 12:59:58]|ku [06/25/2013 13:00:14]
151|SYNE1|SYNE1-E137|E137|326 (24968)   [chr6:g.152469188 (hg19)]|C|G -> C (het)|48% (172)   [47% (73) / 50% (99)]|G -> A (8323)|SV||rs2252755|c.24968G>C|13/34 of 48||ku [06/25/2013 12:59:58]|ku [06/25/2013 13:00:14]
152|SYNE1|SYNE1-E138|E138|62 (25038)   [chr6:g.152464839 (hg19)]|C|T -> C (het)|41% (140)   [43% (74) / 40% (66)]|R -> R (8346)|SV||rs2256135|c.25038T>C|31/37 of 68||ku [06/25/2013 12:59:58]|ku [06/25/2013 13:00:14]
153|SYNE1|SYNE1-E146|E146|344   [chr6:g.152443468 (hg19)]|C|C -> A (het)|60% (397)   [61% (210) / 60% (187)]|3' UTR|SV||rs2250122|c.*103C>A|5/30 of 62||ku [06/25/2013 12:59:58]|ku [06/25/2013 13:00:14]
154|SYNE1|SYNE1-E18|E18|149 (1878)   [chr6:g.152786447 (hg19)]|C|A -> G (het)|47% (68)   [36% (31) / 62% (37)]|Q -> Q (626)|SV||rs62427038|c.1878A>G|0/1 of 2||ku [06/25/2013 12:59:58]|ku [06/25/2013 13:00:14]
155|SYNE1|SYNE1-E26|E26|77 (3104)   [chr6:g.152772264 (hg19)]|C|T -> C (het)|44% (64)   [41% (23) / 47% (41)]|V -> A (1035)|SV|||c.3104T>C|11/37 of 48||ku [06/25/2013 12:59:58]|ku [06/25/2013 13:00:14]
156|SYNE1|SYNE1-E41|E41|603 (6024)   [chr6:g.152737548 (hg19)]|C|A -> C (het)|17% (20)   [0% (0) / 17% (20)]|E -> D (2008)|SV|||c.6024A>C|0/14 of 22||ku [06/25/2013 12:59:58]|ku [06/25/2013 13:00:14]
157|SYNE1|SYNE1-E53|E53|+20   [chr6:g.152711395 (hg19)]|C|A -> T (het)|53% (511)   [52% (247) / 53% (264)]||SV||rs214943|c.8177+20A>T|8/34 of 46||ku [06/25/2013 12:59:58]|ku [06/25/2013 13:00:14]
158|SYNE1|SYNE1-E54|E54|207 (8384)   [chr6:g.152708310 (hg19)]|C|C -> T (het)|60% (25)   [0% (0) / 60% (25)]|A -> V (2795)|SV||rs214950|c.8384C>T|1/28 of 32||ku [06/25/2013 12:59:58]|ku [06/25/2013 13:00:14]
159|SYNE1|SYNE1-E59|E59|171 (9495)   [chr6:g.152694184 (hg19)]|C|A -> G (homo)|99% (206)   [99% (144) / 98% (62)]|E -> E (3165)|SV||rs6913579|c.9495A>G|25/37 of 62||ku [06/25/2013 12:59:58]|ku [06/25/2013 13:00:14]
160|SYNE1|SYNE1-E64|E64|46 (10191)   [chr6:g.152683413 (hg19)]|C|C -> A (homo)|100% (248)   [99% (110) / 100% (138)]|G -> G (3397)|SV||rs4407724|c.10191C>A|35/39 of 74||ku [06/25/2013 12:59:58]|ku [06/25/2013 13:00:14]
161|SYNE1|SYNE1-E67|E67|258 (10866)   [chr6:g.152675854 (hg19)]|C|T -> C (homo)|100% (376)   [100% (234) / 100% (142)]|S -> S (3622)|SV||rs9397102|c.10866T>C|30/40 of 70||ku [06/25/2013 12:59:58]|ku [06/25/2013 13:00:14]
162|SYNE1|SYNE1-E70|E70|+15   [chr6:g.152673147 (hg19)]|C|C -> T (homo)|100% (468)   [100% (286) / 99% (182)]||SV||rs6908392|c.11580+15C>T|30/40 of 70||ku [06/25/2013 12:59:58]|ku [06/25/2013 13:00:14]
163|SYNE1|SYNE1-E71|E71|-14 / 1bp   [chr6:g.152671919 (hg19)]|I (Dup)|T (het)|79% (696)   [81% (349) / 77% (347)]||SV|||c.11581-15dupT|0/34 of 34||ku [06/25/2013 12:59:58]|ku [06/25/2013 13:00:14]
164|SYNE1|SYNE1-E72|E72|-5   [chr6:g.152671475 (hg19)]|C|T -> G (homo)|99% (428)   [99% (173) / 98% (255)]||SV||rs9478320|c.11734-5T>G|30/40 of 70||ku [06/25/2013 12:59:58]|ku [06/25/2013 13:00:14]
165|SYNE1|SYNE1-E74|E74|102 (12180)   [chr6:g.152665261 (hg19)]|C|G -> T (homo)|99% (725)   [100% (356) / 99% (369)]|E -> D (4060)|SV||rs4645434|c.12180G>T|30/39 of 70||ku [06/25/2013 12:59:58]|ku [06/25/2013 13:00:14]
166|SYNE1|SYNE1-E76|E76|11 (12362)   [chr6:g.152658142 (hg19)]|C|A -> G (homo)|100% (615)   [100% (296) / 99% (319)]|K -> R (4121)|SV||rs9479297|c.12362A>G|41/32 of 78||ku [06/25/2013 12:59:58]|ku [06/25/2013 13:00:14]
167|SYNE1|SYNE1-E78|E78|-12   [chr6:g.152653037 (hg19)]|C|A -> G (homo)|99% (551)   [100% (283) / 99% (268)]||SV||rs9478314|c.12795-12A>G|11/28 of 70||ku [06/25/2013 12:59:58]|ku [06/25/2013 13:00:14]
168|SYNE1|SYNE1-E78|E78|992 (13786)   [chr6:g.152652034 (hg19)]|C|T -> A (homo)|100% (243)   [99% (156) / 100% (87)]|S -> T (4596)|SV||rs6911096|c.13786T>A|46/32 of 78||ku [06/25/2013 12:59:58]|ku [06/25/2013 13:00:14]
169|SYNE1|SYNE1-E79|E79|88 (15043)   [chr6:g.152647681 (hg19)]|C|T -> A (homo)|100% (95)   [100% (64) / 100% (31)]|L -> M (5015)|SV||rs2306916|c.15043T>A|47/31 of 79||ku [06/25/2013 12:59:58]|ku [06/25/2013 13:00:14]
170|SYNE1|SYNE1-E91|E91|+7   [chr6:g.152629617 (hg19)]|C|G -> A (homo)|99% (461)   [99% (233) / 100% (228)]||SV||rs9383985|c.17346+7G>A|8/31 of 69||ku [06/25/2013 12:59:58]|ku [06/25/2013 13:00:14]
171|SYNE2|SYNE2-E106|E106|+5   [chr14:g.64681193 (hg19)]|C|C -> T (homo)|99% (303)   [99% (144) / 99% (159)]||SV||rs1152590|c.19333+5C>T|20/35 of 55||ku [06/25/2013 12:59:58]|ku [06/25/2013 13:00:14]
172|SYNE2|SYNE2-E109|E109|200 (19788)   [chr14:g.64686125 (hg19)]|C|G -> T (homo)|99% (232)   [99% (134) / 98% (98)]|L -> L (6596)|SV||rs35648226|c.19788G>T|9/34 of 43||ku [06/25/2013 12:59:58]|ku [06/25/2013 13:00:14]
173|SYNE2|SYNE2-E40|E40|66 (5906)   [chr14:g.64491695 (hg19)]|C|T -> C (homo)|100% (86)   [100% (27) / 100% (59)]|M -> T (1969)|SV||rs4902264|c.5906T>C|56/22 of 78||ku [06/25/2013 12:59:58]|ku [06/25/2013 13:00:14]
174|SYNE2|SYNE2-E43|E43|77 (6481)   [chr14:g.64494278 (hg19)]|C|C -> T (homo)|100% (281)   [100% (133) / 100% (148)]|L -> L (2161)|SV||rs10151127|c.6481C>T|63/16 of 79||ku [06/25/2013 12:59:58]|ku [06/25/2013 13:00:14]
175|SYNE2|SYNE2-E44|E44|137 (6851)   [chr14:g.64496749 (hg19)]|C|C -> T (homo)|100% (6)   [0% (0) / 100% (6)]|A -> V (2284)|SV||rs4027402|c.6851C>T|28/8 of 44||ku [06/25/2013 12:59:58]|ku [06/25/2013 13:00:14]
176|SYNE2|SYNE2-E45|E45|197 (7076)   [chr14:g.64497930 (hg19)]|C|G -> A (homo)|100% (268)   [100% (126) / 100% (142)]|S -> N (2359)|SV||rs4027404|c.7076G>A|56/22 of 79||ku [06/25/2013 12:59:58]|ku [06/25/2013 13:00:14]
177|SYNE2|SYNE2-E45|E45|304 (7183)   [chr14:g.64498037 (hg19)]|C|G -> A (homo)|98% (45)   [98% (45) / 0% (0)]|A -> T (2395)|SV||rs4027405|c.7183G>A|61/17 of 78||ku [06/25/2013 12:59:58]|ku [06/25/2013 13:00:14]
178|SYNE2|SYNE2-E48|E48|761 (8404)   [chr14:g.64519035 (hg19)]|C|A -> G (homo)|100% (263)   [100% (206) / 100% (57)]|S -> G (2802)|SV||rs1890908|c.8404A>G|66/13 of 79||ku [06/25/2013 12:59:58]|ku [06/25/2013 13:00:14]
179|SYNE2|SYNE2-E48|E48|1181 (8824)   [chr14:g.64519455 (hg19)]|C|A -> G (homo)|99% (456)   [99% (105) / 99% (351)]|I -> V (2942)|SV||rs3829767|c.8824A>G|54/24 of 79||ku [06/25/2013 12:59:58]|ku [06/25/2013 13:00:14]
180|SYNE2|SYNE2-E49|E49|13 (9757)   [chr14:g.64522674 (hg19)]|C|G -> C (homo)|100% (136)   [100% (89) / 100% (47)]|D -> H (3253)|SV||rs8010911|c.9757G>C|55/23 of 78||ku [06/25/2013 12:59:58]|ku [06/25/2013 13:00:14]
181|SYNE2|SYNE2-E49|E49|182 (9926)   [chr14:g.64522843 (hg19)]|C|A -> G (homo)|99% (72)   [100% (2) / 99% (70)]|H -> R (3309)|SV||rs8010699|c.9926A>G|54/24 of 78||ku [06/25/2013 12:59:58]|ku [06/25/2013 13:00:14]
182|SYNE2|SYNE2-E84|E84|60 (15543)   [chr14:g.64612845 (hg19)]|C|C -> T (homo)|99% (80)   [100% (20) / 98% (60)]|I -> I (5181)|SV||rs11629287|c.15543C>T|11/38 of 65||ku [06/25/2013 12:59:58]|ku [06/25/2013 13:00:14]
183|SYNE2|SYNE2-E84|E84|73 (15556)   [chr14:g.64612858 (hg19)]|C|C -> A (homo)|100% (80)   [100% (19) / 100% (61)]|L -> M (5186)|SV||rs10151658|c.15556C>A|22/38 of 65||ku [06/25/2013 12:59:58]|ku [06/25/2013 13:00:14]
184|SYNE2|SYNE2-E94|E94|202 (17202)   [chr14:g.64637147 (hg19)]|C|C -> A (homo)|100% (800)   [100% (385) / 100% (415)]|L -> L (5734)|SV|||c.17202C>A|10/36 of 47||ku [06/25/2013 12:59:58]|ku [06/25/2013 13:00:14]
185|SYNE2|SYNE2-E96|E96|+4   [chr14:g.64644205 (hg19)]|C|T -> C (het)|48% (10)   [48% (10) / 0% (0)]||SV||rs2297301|c.17556+4T>C|0/1 of 1||ku [06/25/2013 12:59:58]|ku [06/25/2013 13:00:14]
186|SYNE2|SYNE2-E99|E99|67 (17938)   [chr14:g.64656855 (hg19)]|C|T -> C (homo)|99% (429)   [99% (178) / 99% (251)]|L -> L (5980)|SV||rs2256191|c.17938T>C|0/0 of 0||ku [06/25/2013 12:59:58]|ku [06/25/2013 13:00:14]
187|TCAP|TCAP-E02|E2|343 (453)   [chr17:g.37822311 (hg19)]|C|A -> C (het)|48% (591)   [48% (305) / 48% (286)]|A -> A (151)|SV||rs1053651|c.453A>C|40/31 of 71||ku [06/25/2013 12:59:58]|ku [06/25/2013 13:00:14]
188|TMEM43|TMEM43-E06|E6|62 (504)   [chr3:g.14174427 (hg19)]|C|A -> T (het)|54% (526)   [54% (269) / 54% (257)]|K -> N (168)|SV||rs4685076|c.504A>T|2/29 of 31||ku [06/25/2013 12:59:58]|ku [06/25/2013 13:00:14]
189|TMEM43|TMEM43-E07|E7|24 (536)   [chr3:g.14175262 (hg19)]|C|T -> C (het)|46% (339)   [45% (140) / 47% (199)]|M -> T (179)|SV||rs2340917|c.536T>C|3/30 of 34||ku [06/25/2013 12:59:58]|ku [06/25/2013 13:00:14]
190|TMEM43|TMEM43-E12|E12|318   [chr3:g.14183410 (hg19)]|C|T -> C (homo)|100% (204)   [0% (0) / 100% (204)]|3' UTR|SV||rs1043943|c.*115T>C|32/35 of 69||ku [06/25/2013 12:59:58]|ku [06/25/2013 13:00:14]
191|TRIM32|TRIM32-E02|E2|1341 (1254)   [chr9:g.119461275 (hg19)]|C|G -> A (homo)|99% (256)   [96% (25) / 99% (231)]|V -> V (418)|SV||rs1661300|c.1254G>A|1/13 of 80||ku [06/25/2013 12:59:58]|ku [06/25/2013 13:00:14]
192|TRIM32|TRIM32-E02|E2|2178   [chr9:g.119462112 (hg19)]|C|C -> T (homo)|100% (259)   [100% (87) / 100% (172)]|3' UTR|SV||rs3019|c.*129C>T|63/17 of 80||ku [06/25/2013 12:59:58]|ku [06/25/2013 13:00:14]
193|TTN|TTN-E120|E120|18 (28132)   [chr2:g.179554305 (hg19)]|C|G -> A (het)|52% (87)   [51% (43) / 53% (44)]|G -> R (9378)|SV||rs2244492|c.28132G>A|10/43 of 55||ku [06/25/2013 12:59:58]|ku [06/25/2013 13:00:14]
194|TTN|TTN-E135|E135|40 (29555)   [chr2:g.179545859 (hg19)]|C|G -> A (het)|46% (59)   [46% (29) / 47% (30)]|R -> H (9852)|SV||rs36051007|c.29555G>A|6/37 of 47||ku [06/25/2013 12:59:58]|ku [06/25/2013 13:00:14]
195|TTN|TTN-E14|E14|168 (2244)   [chr2:g.179650701 (hg19)]|C|G -> A (homo)|98% (110)   [97% (66) / 100% (44)]|E -> E (748)|SV||rs6715406|c.2244G>A|11/31 of 44||ku [06/25/2013 12:59:58]|ku [06/25/2013 13:00:14]
196|TTN|TTN-E154|E154|+13..+16 / 4bp   [chr2:g.179523886_179523883 (hg19)]|Indel|TTGT -> ATGG (het)|73% (8)   [70% (7) / 100% (1)]||SV|||c.31657+13_31657+16delinsATGG|5/33 of 40||ku [06/25/2013 12:59:58]|ku [06/25/2013 13:00:14]
197|TTN|TTN-E155|E155|-19   [chr2:g.179523834 (hg19)]|C|A -> T (homo)|100% (46)   [100% (46) / 0% (0)]||SV|||c.31658-19A>T|29/23 of 52||ku [06/25/2013 12:59:58]|ku [06/25/2013 13:00:14]
198|TTN|TTN-E156|E156|-17..-15 / 3bp   [chr2:g.179517285_179517283 (hg19)]|Indel|CAC -> TACC (het)|31% (70)   [91% (70) / 0% (0)]||SV|||c.31742-17_31742-15delinsTACC|0/51 of 51||ku [06/25/2013 12:59:58]|ku [06/25/2013 13:00:14]
199|TTN|TTN-E156|E156|-4   [chr2:g.179517272 (hg19)]|C|T -> C (het)|27% (71)   [0% (0) / 49% (71)]||SV|||c.31742-4T>C|1/49 of 74|komisch|ku [06/25/2013 12:59:58]|ku [06/25/2013 13:00:14]
200|TTN|TTN-E156|E156|14..20 (31755..31761) / 7bp   [chr2:g.179517255_179517249 (hg19)]|Indel|GAAAGAA -> CATAGAG (het)|17% (55)   [0% (0) / 83% (55)]|PKE -> PIE (10585..10587)|SV|||c.31755_31761delinsCATAGAG|0/36 of 44||ku [06/25/2013 12:59:58]|ku [06/25/2013 13:00:14]
201|TTN|TTN-E156|E156|14 (31755)   [chr2:g.179517255 (hg19)]|C|G -> C (het)|29% (92)   [32% (81) / 17% (11)]|P -> P (10585)|SV|||c.31755G>C|0/79 of 79||ku [06/25/2013 12:59:58]|ku [06/25/2013 13:00:14]
202|TTN|TTN-E156|E156|46..48 (31787..31789) / 3bp   [chr2:g.179517223_179517221 (hg19)]|Indel|CGG -> TGA (het)|27% (71)   [27% (69) / 20% (2)]|AA -> VT (10596..10597)|SV|||c.31787_31789delinsTGA|0/42 of 42||ku [06/25/2013 12:59:58]|ku [06/25/2013 13:00:14]
203|TTN|TTN-E156|E156|62 (31803)   [chr2:g.179517207 (hg19)]|C|G -> A (het)|16% (72)   [18% (70) / 3% (2)]|K -> K (10601)|SV|||c.31803G>A|0/12 of 13||ku [06/25/2013 12:59:58]|ku [06/25/2013 13:00:14]
204|TTN|TTN-E156|E156|72 (31813)   [chr2:g.179517197 (hg19)]|C|A -> C (het)|76% (343)   [80% (305) / 51% (38)]|T -> P (10605)|SV|||c.31813A>C|1/79 of 80|komisch|ku [06/25/2013 12:59:58]|ku [06/25/2013 13:00:14]
205|TTN|TTN-E157|E157|-12   [chr2:g.179517086 (hg19)]|C|T -> A (het)|68% (166)   [63% (77) / 72% (89)]||SV|||c.31826-12T>A|19/54 of 78||ku [06/25/2013 12:59:58]|ku [06/25/2013 13:00:14]
206|TTN|TTN-E157|E157|26..28 (31851..31853) / 3bp   [chr2:g.179517049_179517047 (hg19)]|Indel|TCC -> CCT (het)|27% (13)   [28% (13) / 0% (0)]|VP -> VL (10617..10618)|SV|||c.31851_31853delinsCCT|0/77 of 79|komisch|ku [06/25/2013 12:59:58]|ku [06/25/2013 13:00:14]
207|TTN|TTN-E157|E157|44..48 (31869..31873) / 5bp   [chr2:g.179517031_179517027 (hg19)]|Indel|AGTGC -> CTCGA (het)|17% (8)   [17% (8) / 0% (0)]|PVP -> PST (10623..10625)|SV|||c.31869_31873delinsCTCGA|0/59 of 63|komisch|ku [06/25/2013 12:59:58]|ku [06/25/2013 13:00:14]
208|TTN|TTN-E157|E157|48 (31873)   [chr2:g.179517027 (hg19)]|C|C -> A (het)|53% (25)   [54% (25) / 0% (0)]|P -> T (10625)|SV|||c.31873C>A|0/76 of 79|komisch|ku [06/25/2013 12:59:58]|ku [06/25/2013 13:00:14]
209|TTN|TTN-E164|E164|-18   [chr2:g.179515016 (hg19)]|C|T -> A (het)|46% (46)   [64% (46) / 0% (0)]||SV|||c.32408-18T>A|0/52 of 52||ku [06/25/2013 12:59:58]|ku [06/25/2013 13:00:14]
210|TTN|TTN-E164|E164|-17   [chr2:g.179515015 (hg19)]|C|A -> T (het)|46% (46)   [64% (46) / 0% (0)]||SV|||c.32408-17A>T|0/51 of 51||ku [06/25/2013 12:59:58]|ku [06/25/2013 13:00:14]
211|TTN|TTN-E194|E194|191 (37569)   [chr2:g.179486278 (hg19)]|C|C -> T (het)|51% (72)   [0% (0) / 51% (72)]|N -> N (12523)|SV||rs72677223|c.37569C>T|0/1 of 2||ku [06/25/2013 12:59:58]|ku [06/25/2013 13:00:14]
212|TTN|TTN-E203|E203|151 (40019)   [chr2:g.179482089 (hg19)]|C|G -> A (het)|45% (37)   [42% (15) / 48% (22)]|R -> H (13340)|SV||rs72677237|c.40019G>A|0/2 of 7||ku [06/25/2013 12:59:58]|ku [06/25/2013 13:00:14]
213|TTN|TTN-E22|E22|78 (3601)   [chr2:g.179644855 (hg19)]|C|A -> G (homo)|99% (347)   [98% (186) / 99% (161)]|K -> E (1201)|SV||rs10497520|c.3601A>G|61/15 of 76||ku [06/25/2013 12:59:58]|ku [06/25/2013 13:00:14]
214|TTN|TTN-E23|E23|155 (3884)   [chr2:g.179644035 (hg19)]|C|C -> T (homo)|100% (75)   [100% (16) / 100% (59)]|S -> L (1295)|SV||rs1552280|c.3884C>T|76/4 of 80||ku [06/25/2013 12:59:58]|ku [06/25/2013 13:00:14]
215|TTN|TTN-E243|E243|53 (49611)   [chr2:g.179462494 (hg19)]|C|T -> C (het)|43% (203)   [37% (100) / 51% (103)]|H -> H (16537)|SV||rs35833641|c.49611T>C|0/0 of 8||ku [06/25/2013 12:59:58]|ku [06/25/2013 13:00:14]
216|TTN|TTN-E25|E25|+6   [chr2:g.179642425 (hg19)]|C|C -> T (homo)|100% (180)   [100% (60) / 100% (120)]||SV||rs719201|c.4480+6C>T|79/1 of 80||ku [06/25/2013 12:59:58]|ku [06/25/2013 13:00:14]
217|TTN|TTN-E267|E267|189 (59542)   [chr2:g.179444768 (hg19)]|C|G -> C (homo)|100% (38)   [100% (38) / 0% (0)]|A -> P (19848)|SV||rs4145333|c.59542G>C|0/0 of 0||ku [06/25/2013 12:59:58]|ku [06/25/2013 13:00:14]
218|TTN|TTN-E275|E275|1115 (63126)   [chr2:g.179440029 (hg19)]|C|C -> T (het)|50% (262)   [53% (86) / 48% (176)]|S -> S (21042)|SV||rs12464787|c.63126C>T|0/0 of 0||ku [06/25/2013 12:59:58]|ku [06/25/2013 13:00:14]
219|TTN|TTN-E275|E275|8959 (70970)   [chr2:g.179432185 (hg19)]|C|T -> C (het)|53% (207)   [54% (97) / 53% (110)]|I -> T (23657)|SV||rs12463674|c.70970T>C|0/0 of 0||ku [06/25/2013 12:59:58]|ku [06/25/2013 13:00:14]
220|TTN|TTN-E304|E304|354 (91939)   [chr2:g.179402291 (hg19)]|C|C -> T (het)|44% (158)   [42% (90) / 47% (68)]|R -> W (30647)|SV|||c.91939C>T|0/1 of 1||ku [06/25/2013 12:59:58]|ku [06/25/2013 13:00:14]
221|TTN|TTN-E307|E307|720 (93781)   [chr2:g.179399857 (hg19)]|C|G -> A (het)|34% (137)   [39% (52) / 32% (85)]|E -> K (31261)|SV|||c.93781G>A|0/1 of 24||ku [06/25/2013 12:59:58]|ku [06/25/2013 13:00:14]
222|TTN|TTN-E37|E37|+14..+16 / 3bp   [chr2:g.179634392_179634390 (hg19)]|Indel|TAT -> A (het)|44% (8)   [47% (8) / 0% (0)]||SV|||c.8902+14_8902+16delinsA|0/9 of 9||ku [06/25/2013 12:59:58]|ku [06/25/2013 13:00:14]
223|TTN|TTN-E42|E42|78 (9781)   [chr2:g.179629461 (hg19)]|C|G -> A (homo)|100% (519)   [100% (263) / 100% (256)]|V -> M (3261)|SV||rs2291311|c.9781G>A|71/7 of 80||ku [06/25/2013 12:59:58]|ku [06/25/2013 13:00:14]
224|TTN|TTN-E42|E42|176 (9879)   [chr2:g.179629363 (hg19)]|C|A -> G (homo)|100% (380)   [100% (245) / 100% (135)]|E -> E (3293)|SV||rs4894043|c.9879A>G|80/0 of 80||ku [06/25/2013 12:59:58]|ku [06/25/2013 13:00:14]
225|TTN|TTN-E44|E44|142 (10256)   [chr2:g.179623758 (hg19)]|C|G -> A (homo)|100% (257)   [99% (88) / 100% (169)]|S -> N (3419)|SV||rs2291310|c.10256G>A|71/7 of 78||ku [06/25/2013 12:59:58]|ku [06/25/2013 13:00:14]
226|TTN|TTN-E47|E47|239 (10878)   [chr2:g.179600563 (hg19)]|C|C -> T (homo)|99% (331)   [100% (162) / 97% (169)]|S -> S (3626)|SV||rs2742348|c.10878C>T|80/0 of 80||ku [06/25/2013 12:59:58]|ku [06/25/2013 13:00:14]
227|TTN|TTN-E51|E51|17 (12060)   [chr2:g.179598228 (hg19)]|C|T -> C (het)|35% (33)   [41% (21) / 29% (12)]|I -> I (4020)|SV||rs12993099|c.12060T>C|0/13 of 26||ku [06/25/2013 12:59:58]|ku [06/25/2013 13:00:14]
228|TTN|TTN-E59|E59|-19   [chr2:g.179595117 (hg19)]|C|G -> C (het)|46% (251)   [46% (126) / 47% (125)]||SV||rs17076|c.14297-19G>C|4/23 of 27||ku [06/25/2013 12:59:58]|ku [06/25/2013 13:00:14]
229|TTN|TTN-E74|E74|144 (18652)   [chr2:g.179587130 (hg19)]|C|G -> C (het)|36% (211)   [35% (101) / 36% (110)]|D -> H (6218)|SV||rs12693166|c.18652G>C|2/23 of 28||ku [06/25/2013 12:59:58]|ku [06/25/2013 13:00:14]
230|TTN|TTN-E77|E77|-3   [chr2:g.179585393 (hg19)]|C|T -> C (het)|50% (114)   [41% (11) / 51% (103)]||SV||rs2562830|c.19367-3T>C|5/26 of 80||ku [06/25/2013 12:59:58]|ku [06/25/2013 13:00:14]
231|TTN|TTN-E77|E77|125 (19491)   [chr2:g.179585266 (hg19)]|C|G -> A (homo)|100% (472)   [100% (227) / 100% (245)]|Q -> Q (6497)|SV||rs2562831|c.19491G>A|80/0 of 80||ku [06/25/2013 12:59:58]|ku [06/25/2013 13:00:14]
232|TTN|TTN-E81|E81|205 (20699)   [chr2:g.179583496 (hg19)]|C|A -> C (het)|57% (73)   [58% (37) / 57% (36)]|E -> A (6900)|SV||rs16866465|c.20699A>C|1/24 of 27||ku [06/25/2013 12:59:58]|ku [06/25/2013 13:00:14]
233|TTN|TTN-E84|E84|1 (21332)   [chr2:g.179582537 (hg19)]|C|C -> A (het)|39% (184)   [33% (40) / 42% (144)]|A -> E (7111)|SV||rs2627043|c.21332C>A|5/26 of 33||ku [06/25/2013 12:59:58]|ku [06/25/2013 13:00:14]
234|TTN|TTN-E84|E84|211 (21542)   [chr2:g.179582327 (hg19)]|C|G -> A (het)|50% (307)   [51% (164) / 49% (143)]|S -> N (7181)|SV||rs13390491|c.21542G>A|2/23 of 33||ku [06/25/2013 12:59:58]|ku [06/25/2013 13:00:14]
235|TTN|TTN-E87|E87|170 (22359)   [chr2:g.179579822 (hg19)]|C|A -> T (het)|49% (218)   [50% (178) / 42% (40)]|L -> L (7453)|SV||rs2562836|c.22359A>T|5/26 of 33||ku [06/25/2013 12:59:58]|ku [06/25/2013 13:00:14]
236|TTN|TTN-E88|E88|89 (22557)   [chr2:g.179579212 (hg19)]|C|A -> G (het)|51% (186)   [51% (99) / 51% (87)]|E -> E (7519)|SV||rs2562838|c.22557A>G|5/26 of 41||ku [06/25/2013 12:59:58]|ku [06/25/2013 13:00:14]
237|TTN|TTN-E89|E89|173 (22923)   [chr2:g.179578730 (hg19)]|C|C -> T (het)|57% (398)   [57% (205) / 57% (193)]|S -> S (7641)|SV||rs2562839|c.22923C>T|5/26 of 41||ku [06/25/2013 12:59:58]|ku [06/25/2013 13:00:14]
238|TTN|TTN-E89|E89|200 (22950)   [chr2:g.179578703 (hg19)]|C|G -> A (het)|36% (226)   [36% (114) / 36% (112)]|P -> P (7650)|SV||rs142812510|c.22950G>A|0/2 of 41||ku [06/25/2013 12:59:58]|ku [06/25/2013 13:00:14]
239|TTN|TTN-E90|E90|-9 / 5bp   [chr2:g.179578108 (hg19)]|I (Dup)|TTTGT (het)|35% (84)   [29% (40) / 44% (44)]||SV||rs71393436|c.23030-14_23030-10dupTTTGT|0/19 of 30 (c.23030-10_23030-9insTTTGT)||ku [06/25/2013 12:59:58]|ku [06/25/2013 13:00:14]
240|VCP|VCP-E07|E7|+3   [chr9:g.35062972 (hg19)]|C|G -> A (homo)|99% (413)   [98% (225) / 100% (188)]||SV||rs514492|c.811+3G>A|48/30 of 78||ku [06/25/2013 12:59:58]|ku [06/25/2013 13:00:14]
241|VCP|VCP-E10|E10|-7 / 11bp   [chr9:g.35061693 (hg19)]|I (Dup)|TTGTGTACTGT (het)|84% (291)   [84% (213) / 85% (78)]|splicing|SV||rs11272867|c.1082-18_1082-8dupTTGTGTACTGT|0/48 of 48 (c.1082-8_1082-7insTTGTGTACTGT)||ku [06/25/2013 12:59:58]|ku [06/25/2013 13:00:14]
242|VCP|VCP-E13|E13|+8   [chr9:g.35060302 (hg19)]|C|A -> G (homo)|99% (242)   [99% (75) / 99% (167)]||SV||rs684562|c.1695+8A>G|40/34 of 75||ku [06/25/2013 12:59:58]|ku [06/25/2013 13:00:14]
243|BAG3|BAG3-E02|E2|387 (1296)   [chr10:g.121436362 (hg19)]|C|A -> G (homo)|100% (390)   [100% (130) / 100% (260)]|V -> V (432)|SV||rs196295|c.268C>T|47/33 of 80||ku [06/25/2013 12:59:58]|ku [06/25/2013 13:00:14]
